chr_pos,samples,chrs,sampleMut,pos,mutationType,mutationTypeSeq,orientation
10_1806968,case12_S1,10,case12_S1_C[C>T]T,1806968,N:AC[C>T]TC,C[C>T]T,-1
10_2079391,case12_S1,10,case12_S1_T[T>G]T,2079391,N:CT[T>G]TC,T[T>G]T,1
10_8975645,case12_S1,10,case12_S1_T[C>T]A,8975645,N:AT[C>T]AG,T[C>T]A,1
10_14425969,case12_S1,10,case12_S1_G[T>C]G,14425969,T:GG[T>C]GA,G[T>C]G,1
10_14996002,case12_S1,10,case12_S1_A[C>T]G,14996002,N:GA[C>T]GA,A[C>T]G,-1
10_16261259,case12_S1,10,case12_S1_A[T>C]C,16261259,N:CA[T>C]CT,A[T>C]C,1
10_16369863,case12_S1,10,case12_S1_G[C>T]G,16369863,N:AG[C>T]GA,G[C>T]G,-1
10_16935389,case12_S1,10,case12_S1_C[T>C]T,16935389,U:GC[T>C]TG,C[T>C]T,-1
10_16984915,case12_S1,10,case12_S1_T[C>A]C,16984915,U:AT[C>A]CC,T[C>A]C,-1
10_17073604,case12_S1,10,case12_S1_G[C>T]G,17073604,U:GG[C>T]GT,G[C>T]G,-1
10_19592046,case12_S1,10,case12_S1_A[T>G]G,19592046,U:CA[T>G]GT,A[T>G]G,1
10_20388244,case12_S1,10,case12_S1_G[T>C]T,20388244,N:TG[T>C]TT,G[T>C]T,1
10_25908399,case12_S1,10,case12_S1_T[C>G]T,25908399,N:CT[C>G]TT,T[C>G]T,-1
10_29070362,case12_S1,10,case12_S1_G[C>T]G,29070362,N:GG[C>T]GG,G[C>T]G,1
10_47417945,case12_S1,10,case12_S1_T[T>A]C,47417945,N:AT[T>A]CA,T[T>A]C,1
10_48307139,case12_S1,10,case12_S1_C[T>G]C,48307139,T:GC[T>G]CC,C[T>G]C,-1
10_53086370,case12_S1,10,case12_S1_T[T>A]T,53086370,N:AT[T>A]TT,T[T>A]T,-1
10_53710061,case12_S1,10,case12_S1_C[C>T]G,53710061,N:CC[C>T]GA,C[C>T]G,-1
10_54658311,case12_S1,10,case12_S1_T[C>A]A,54658311,U:TT[C>A]AT,T[C>A]A,-1
10_57315803,case12_S1,10,case12_S1_T[C>A]A,57315803,N:AT[C>A]AG,T[C>A]A,1
10_65528369,case12_S1,10,case12_S1_T[T>A]A,65528369,N:TT[T>A]AT,T[T>A]A,-1
10_65733428,case12_S1,10,case12_S1_C[C>T]A,65733428,N:TC[C>T]AG,C[C>T]A,-1
10_74864381,case12_S1,10,case12_S1_A[C>T]A,74864381,U:TA[C>T]AG,A[C>T]A,1
10_78762763,case12_S1,10,case12_S1_T[C>G]T,78762763,N:AT[C>G]TG,T[C>G]T,-1
10_101136741,case12_S1,10,case12_S1_A[T>A]C,101136741,U:CA[T>A]CC,A[T>A]C,1
10_103211456,case12_S1,10,case12_S1_C[C>T]G,103211456,N:TC[C>T]GC,C[C>T]G,-1
10_106828262,case12_S1,10,case12_S1_A[C>T]T,106828262,T:TA[C>T]TG,A[C>T]T,1
10_110646519,case12_S1,10,case12_S1_C[C>T]G,110646519,T:TC[C>T]GT,C[C>T]G,-1
10_115158608,case12_S1,10,case12_S1_A[T>C]G,115158608,U:AA[T>C]GT,A[T>C]G,1
10_117242038,case12_S1,10,case12_S1_T[C>A]C,117242038,U:AT[C>A]CG,T[C>A]C,1
10_122589123,case12_S1,10,case12_S1_G[C>A]A,122589123,T:GG[C>A]AT,G[C>A]A,-1
10_123775316,case12_S1,10,case12_S1_A[T>C]T,123775316,U:GA[T>C]TT,A[T>C]T,-1
10_125505298,case12_S1,10,case12_S1_A[C>G]A,125505298,N:TA[C>G]AA,A[C>G]A,-1
10_127804785,case12_S1,10,case12_S1_G[C>T]G,127804785,N:AG[C>T]GT,G[C>T]G,1
10_130872308,case12_S1,10,case12_S1_C[T>A]T,130872308,N:AC[T>A]TT,C[T>A]T,-1
11_9292037,case12_S1,11,case12_S1_A[T>C]T,9292037,T:CA[T>C]TG,A[T>C]T,1
11_11116040,case12_S1,11,case12_S1_A[C>A]T,11116040,N:TA[C>A]TA,A[C>A]T,1
11_13889820,case12_S1,11,case12_S1_T[T>A]G,13889820,N:TT[T>A]GG,T[T>A]G,-1
11_25653417,case12_S1,11,case12_S1_C[C>A]T,25653417,N:TC[C>A]TC,C[C>A]T,-1
11_25864817,case12_S1,11,case12_S1_C[T>G]T,25864817,N:GC[T>G]TA,C[T>G]T,1
11_34419906,case12_S1,11,case12_S1_C[T>A]C,34419906,N:CC[T>A]CT,C[T>A]C,1
11_35302367,case12_S1,11,case12_S1_A[T>A]G,35302367,U:TA[T>A]GA,A[T>A]G,-1
11_37102235,case12_S1,11,case12_S1_A[C>T]G,37102235,N:AA[C>T]GC,A[C>T]G,-1
11_40018580,case12_S1,11,case12_S1_T[C>T]C,40018580,N:CT[C>T]CA,T[C>T]C,1
11_40507918,case12_S1,11,case12_S1_T[T>G]T,40507918,T:TT[T>G]TA,T[T>G]T,1
11_41087199,case12_S1,11,case12_S1_A[C>T]G,41087199,U:AA[C>T]GA,A[C>T]G,-1
11_49509085,case12_S1,11,case12_S1_T[C>G]T,49509085,N:GT[C>G]TT,T[C>G]T,-1
11_55019037,case12_S1,11,case12_S1_G[C>T]T,55019037,N:TG[C>T]TG,G[C>T]T,-1
11_55019041,case12_S1,11,case12_S1_G[C>A]A,55019041,N:AG[C>A]AC,G[C>A]A,1
11_57602065,case12_S1,11,case12_S1_C[T>A]C,57602065,T:TC[T>A]CC,C[T>A]C,-1
11_57620584,case12_S1,11,case12_S1_G[C>A]T,57620584,N:AG[C>A]TT,G[C>A]T,-1
11_59703333,case12_S1,11,case12_S1_A[T>C]G,59703333,N:AA[T>C]GG,A[T>C]G,-1
11_67030639,case12_S1,11,case12_S1_G[C>T]A,67030639,U:TG[C>T]AC,G[C>T]A,1
11_69392961,case12_S1,11,case12_S1_T[C>T]G,69392961,N:TT[C>T]GG,T[C>T]G,-1
11_70914817,case12_S1,11,case12_S1_C[C>G]T,70914817,U:TC[C>G]TA,C[C>G]T,-1
11_71681396,case12_S1,11,case12_S1_C[T>C]T,71681396,N:CC[T>C]TC,C[T>C]T,1
11_71718933,case12_S1,11,case12_S1_G[C>A]C,71718933,N:TG[C>A]CT,G[C>A]C,1
11_73747670,case12_S1,11,case12_S1_A[T>A]T,73747670,T:CA[T>A]TT,A[T>A]T,1
11_81732780,case12_S1,11,case12_S1_C[T>G]T,81732780,N:AC[T>G]TA,C[T>G]T,-1
11_84448820,case12_S1,11,case12_S1_A[C>T]G,84448820,U:TA[C>T]GA,A[C>T]G,-1
11_84910830,case12_S1,11,case12_S1_G[C>A]T,84910830,U:TG[C>A]TT,G[C>A]T,-1
11_90527635,case12_S1,11,case12_S1_G[T>A]T,90527635,N:GG[T>A]TT,G[T>A]T,-1
11_97091757,case12_S1,11,case12_S1_A[T>A]T,97091757,N:CA[T>A]TT,A[T>A]T,1
11_97404254,case12_S1,11,case12_S1_A[C>T]A,97404254,N:TA[C>T]AC,A[C>T]A,-1
11_99795427,case12_S1,11,case12_S1_G[C>A]C,99795427,U:AG[C>A]CA,G[C>A]C,1
11_101183948,case12_S1,11,case12_S1_C[T>G]T,101183948,N:AC[T>G]TG,C[T>G]T,-1
11_102946538,case12_S1,11,case12_S1_T[T>A]G,102946538,U:AT[T>A]GC,T[T>A]G,-1
11_104565013,case12_S1,11,case12_S1_G[C>T]G,104565013,N:GG[C>T]GG,G[C>T]G,-1
11_105118209,case12_S1,11,case12_S1_T[C>G]T,105118209,N:TT[C>G]TG,T[C>G]T,-1
11_105118214,case12_S1,11,case12_S1_T[T>A]A,105118214,N:TT[T>A]AG,T[T>A]A,-1
11_107180463,case12_S1,11,case12_S1_G[T>A]T,107180463,N:TG[T>A]TT,G[T>A]T,1
11_108827523,case12_S1,11,case12_S1_A[C>A]C,108827523,U:AA[C>A]CT,A[C>A]C,1
11_111622628,case12_S1,11,case12_S1_T[T>C]A,111622628,T:TT[T>C]AG,T[T>C]A,-1
11_112714686,case12_S1,11,case12_S1_C[C>T]G,112714686,N:CC[C>T]GG,C[C>T]G,-1
11_114121650,case12_S1,11,case12_S1_C[T>C]C,114121650,T:AC[T>C]CT,C[T>C]C,-1
11_115453718,case12_S1,11,case12_S1_T[C>G]A,115453718,T:CT[C>G]AA,T[C>G]A,1
11_118687788,case12_S1,11,case12_S1_G[C>T]G,118687788,N:GG[C>T]GC,G[C>T]G,1
11_122685662,case12_S1,11,case12_S1_A[C>T]G,122685662,T:GA[C>T]GC,A[C>T]G,-1
11_123235268,case12_S1,11,case12_S1_G[C>T]G,123235268,N:AG[C>T]GT,G[C>T]G,1
11_124508044,case12_S1,11,case12_S1_T[C>G]A,124508044,N:TT[C>G]AA,T[C>G]A,-1
11_130651047,case12_S1,11,case12_S1_A[C>T]G,130651047,N:CA[C>T]GG,A[C>T]G,1
12_7288555,case12_S1,12,case12_S1_T[T>A]A,7288555,N:TT[T>A]AA,T[T>A]A,-1
12_17686131,case12_S1,12,case12_S1_G[C>T]T,17686131,N:GG[C>T]TC,G[C>T]T,1
12_20397264,case12_S1,12,case12_S1_A[T>G]A,20397264,T:TA[T>G]AA,A[T>G]A,-1
12_23269702,case12_S1,12,case12_S1_A[C>A]T,23269702,N:CA[C>A]TT,A[C>A]T,-1
12_34250907,case12_S1,12,case12_S1_T[T>G]T,34250907,N:AT[T>G]TG,T[T>G]T,1
12_45511149,case12_S1,12,case12_S1_G[C>A]T,45511149,N:TG[C>A]TA,G[C>A]T,-1
12_49158003,case12_S1,12,case12_S1_A[T>A]T,49158003,N:AA[T>A]TT,A[T>A]T,-1
12_55507046,case12_S1,12,case12_S1_G[T>C]G,55507046,N:AG[T>C]GG,G[T>C]G,-1
12_59004548,case12_S1,12,case12_S1_A[C>G]T,59004548,N:AA[C>G]TG,A[C>G]T,-1
12_76770896,case12_S1,12,case12_S1_T[C>T]C,76770896,U:AT[C>T]CT,T[C>T]C,1
12_77845603,case12_S1,12,case12_S1_T[C>G]T,77845603,T:CT[C>G]TA,T[C>G]T,-1
12_83454742,case12_S1,12,case12_S1_T[C>T]G,83454742,N:TT[C>T]GT,T[C>T]G,1
12_91173709,case12_S1,12,case12_S1_G[C>T]A,91173709,T:AG[C>T]AT,G[C>T]A,1
12_94103800,case12_S1,12,case12_S1_A[T>C]A,94103800,N:TA[T>C]AA,A[T>C]A,1
12_96056277,case12_S1,12,case12_S1_G[C>T]G,96056277,N:GG[C>T]GA,G[C>T]G,1
12_97991835,case12_S1,12,case12_S1_T[C>G]C,97991835,N:CT[C>G]CA,T[C>G]C,1
12_99860160,case12_S1,12,case12_S1_T[C>G]T,99860160,U:AT[C>G]TT,T[C>G]T,-1
12_104523021,case12_S1,12,case12_S1_A[C>T]G,104523021,T:GA[C>T]GA,A[C>T]G,-1
12_107823446,case12_S1,12,case12_S1_T[C>A]T,107823446,N:AT[C>A]TG,T[C>A]T,-1
12_108733744,case12_S1,12,case12_S1_C[C>G]G,108733744,N:CC[C>G]GC,C[C>G]G,1
12_109790773,case12_S1,12,case12_S1_T[C>T]G,109790773,T:AT[C>T]GA,T[C>T]G,1
12_113676339,case12_S1,12,case12_S1_A[C>T]G,113676339,N:GA[C>T]GG,A[C>T]G,-1
12_115788742,case12_S1,12,case12_S1_T[T>C]A,115788742,N:TT[T>C]AA,T[T>C]A,1
12_119693832,case12_S1,12,case12_S1_G[T>C]A,119693832,T:GG[T>C]AT,G[T>C]A,1
12_128563549,case12_S1,12,case12_S1_T[C>T]A,128563549,U:AT[C>T]AT,T[C>T]A,1
12_128895146,case12_S1,12,case12_S1_T[C>G]C,128895146,T:CT[C>G]CT,T[C>G]C,-1
12_129608711,case12_S1,12,case12_S1_C[T>A]C,129608711,T:GC[T>A]CC,C[T>A]C,1
12_132192900,case12_S1,12,case12_S1_A[C>T]G,132192900,N:GA[C>T]GC,A[C>T]G,-1
13_18472898,case12_S1,13,case12_S1_C[T>A]C,18472898,N:GC[T>A]CC,C[T>A]C,-1
13_20326005,case12_S1,13,case12_S1_A[C>T]G,20326005,N:GA[C>T]GA,A[C>T]G,1
13_20709554,case12_S1,13,case12_S1_A[C>T]G,20709554,U:GA[C>T]GT,A[C>T]G,1
13_21601244,case12_S1,13,case12_S1_A[C>T]A,21601244,T:CA[C>T]AC,A[C>T]A,1
13_25993722,case12_S1,13,case12_S1_G[C>T]C,25993722,U:TG[C>T]CA,G[C>T]C,1
13_28239958,case12_S1,13,case12_S1_T[C>A]T,28239958,U:TT[C>A]TT,T[C>A]T,1
13_30977098,case12_S1,13,case12_S1_G[T>C]G,30977098,N:TG[T>C]GA,G[T>C]G,-1
13_38831142,case12_S1,13,case12_S1_T[T>G]C,38831142,U:CT[T>G]CT,T[T>G]C,1
13_50368708,case12_S1,13,case12_S1_G[C>T]C,50368708,N:AG[C>T]CA,G[C>T]C,1
13_53910091,case12_S1,13,case12_S1_G[T>A]T,53910091,N:AG[T>A]TG,G[T>A]T,-1
13_57385998,case12_S1,13,case12_S1_C[T>G]T,57385998,N:AC[T>G]TA,C[T>G]T,-1
13_62084763,case12_S1,13,case12_S1_G[T>C]T,62084763,N:GG[T>C]TG,G[T>C]T,-1
13_66341669,case12_S1,13,case12_S1_A[C>T]G,66341669,T:AA[C>T]GT,A[C>T]G,1
13_77303661,case12_S1,13,case12_S1_A[T>A]T,77303661,T:TA[T>A]TT,A[T>A]T,1
13_91785997,case12_S1,13,case12_S1_G[T>A]T,91785997,U:AG[T>A]TT,G[T>A]T,1
13_104213429,case12_S1,13,case12_S1_G[C>T]G,104213429,N:CG[C>T]GT,G[C>T]G,1
14_21175601,case12_S1,14,case12_S1_C[T>A]A,21175601,N:GC[T>A]AC,C[T>A]A,-1
14_21900348,case12_S1,14,case12_S1_T[T>C]T,21900348,N:TT[T>C]TG,T[T>C]T,-1
14_24827129,case12_S1,14,case12_S1_G[T>G]C,24827129,U:TG[T>G]CC,G[T>G]C,-1
14_26811507,case12_S1,14,case12_S1_G[C>T]A,26811507,N:GG[C>T]AA,G[C>T]A,1
14_28198447,case12_S1,14,case12_S1_C[T>C]A,28198447,N:TC[T>C]AT,C[T>C]A,-1
14_30352508,case12_S1,14,case12_S1_C[T>G]T,30352508,N:AC[T>G]TG,C[T>G]T,-1
14_34359753,case12_S1,14,case12_S1_A[C>T]A,34359753,N:TA[C>T]AT,A[C>T]A,1
14_36820178,case12_S1,14,case12_S1_C[T>G]T,36820178,T:AC[T>G]TC,C[T>G]T,1
14_42295803,case12_S1,14,case12_S1_G[C>G]T,42295803,N:AG[C>G]TG,G[C>G]T,-1
14_47992615,case12_S1,14,case12_S1_A[T>A]T,47992615,N:GA[T>A]TT,A[T>A]T,1
14_49634140,case12_S1,14,case12_S1_C[T>G]T,49634140,T:CC[T>G]TG,C[T>G]T,1
14_50170725,case12_S1,14,case12_S1_C[T>G]T,50170725,U:TC[T>G]TT,C[T>G]T,-1
14_57455537,case12_S1,14,case12_S1_A[C>T]C,57455537,N:TA[C>T]CA,A[C>T]C,-1
14_61656679,case12_S1,14,case12_S1_G[C>T]G,61656679,U:TG[C>T]GA,G[C>T]G,1
14_65149456,case12_S1,14,case12_S1_C[C>T]G,65149456,N:TC[C>T]GG,C[C>T]G,1
14_75761039,case12_S1,14,case12_S1_A[T>G]A,75761039,U:AA[T>G]AA,A[T>G]A,1
14_82365830,case12_S1,14,case12_S1_G[C>T]G,82365830,N:AG[C>T]GT,G[C>T]G,1
14_84343998,case12_S1,14,case12_S1_T[T>A]C,84343998,N:GT[T>A]CC,T[T>A]C,1
14_104115359,case12_S1,14,case12_S1_T[C>T]G,104115359,T:CT[C>T]GC,T[C>T]G,-1
14_105742404,case12_S1,14,case12_S1_T[C>T]C,105742404,N:CT[C>T]CC,T[C>T]C,-1
15_22482933,case12_S1,15,case12_S1_C[T>G]C,22482933,N:CC[T>G]CA,C[T>G]C,-1
15_26433211,case12_S1,15,case12_S1_C[C>T]G,26433211,N:CC[C>T]GC,C[C>T]G,-1
15_28985595,case12_S1,15,case12_S1_A[T>C]T,28985595,T:CA[T>C]TC,A[T>C]T,-1
15_38242993,case12_S1,15,case12_S1_A[T>A]T,38242993,N:TA[T>A]TT,A[T>A]T,-1
15_40031313,case12_S1,15,case12_S1_A[T>C]G,40031313,U:TA[T>C]GC,A[T>C]G,1
15_44991240,case12_S1,15,case12_S1_T[T>A]T,44991240,N:TT[T>A]TG,T[T>A]T,-1
15_53096052,case12_S1,15,case12_S1_G[T>C]C,53096052,N:AG[T>C]CT,G[T>C]C,1
15_62767017,case12_S1,15,case12_S1_C[C>T]A,62767017,T:GC[C>T]AA,C[C>T]A,-1
15_66257040,case12_S1,15,case12_S1_C[C>A]C,66257040,N:AC[C>A]CA,C[C>A]C,1
15_67548915,case12_S1,15,case12_S1_T[T>C]T,67548915,T:TT[T>C]TC,T[T>C]T,-1
15_67774363,case12_S1,15,case12_S1_G[T>C]A,67774363,U:AG[T>C]AC,G[T>C]A,1
15_81750648,case12_S1,15,case12_S1_T[C>T]G,81750648,N:CT[C>T]GT,T[C>T]G,1
15_83757186,case12_S1,15,case12_S1_C[C>A]A,83757186,U:CC[C>A]AA,C[C>A]A,1
15_86746368,case12_S1,15,case12_S1_T[T>A]T,86746368,U:CT[T>A]TG,T[T>A]T,1
15_88315816,case12_S1,15,case12_S1_C[T>C]T,88315816,N:CC[T>C]TT,C[T>C]T,1
15_91124822,case12_S1,15,case12_S1_A[C>T]A,91124822,T:AA[C>T]AT,A[C>T]A,-1
15_95724589,case12_S1,15,case12_S1_A[C>T]G,95724589,N:TA[C>T]GG,A[C>T]G,-1
15_99899090,case12_S1,15,case12_S1_G[C>T]T,99899090,N:AG[C>T]TT,G[C>T]T,-1
16_3072075,case12_S1,16,case12_S1_C[C>T]G,3072075,T:TC[C>T]GG,C[C>T]G,-1
16_4561186,case12_S1,16,case12_S1_T[T>C]A,4561186,T:AT[T>C]AA,T[T>C]A,-1
16_5219569,case12_S1,16,case12_S1_G[C>T]G,5219569,N:TG[C>T]GT,G[C>T]G,-1
16_11277509,case12_S1,16,case12_S1_G[T>C]T,11277509,T:AG[T>C]TC,G[T>C]T,-1
16_11908535,case12_S1,16,case12_S1_G[C>T]G,11908535,T:GG[C>T]GG,G[C>T]G,1
16_12039429,case12_S1,16,case12_S1_T[C>T]G,12039429,T:CT[C>T]GT,T[C>T]G,-1
16_14011657,case12_S1,16,case12_S1_C[C>T]G,14011657,N:CC[C>T]GC,C[C>T]G,-1
16_15621765,case12_S1,16,case12_S1_C[C>T]G,15621765,B:AC[C>T]GG,C[C>T]G,-1
16_20270571,case12_S1,16,case12_S1_T[T>A]C,20270571,N:CT[T>A]CT,T[T>A]C,1
16_20913539,case12_S1,16,case12_S1_C[T>G]T,20913539,U:CC[T>G]TA,C[T>G]T,1
16_32918071,case12_S1,16,case12_S1_G[C>T]C,32918071,N:TG[C>T]CT,G[C>T]C,1
16_51075025,case12_S1,16,case12_S1_C[C>A]A,51075025,N:CC[C>A]AT,C[C>A]A,1
16_52763641,case12_S1,16,case12_S1_G[C>T]G,52763641,N:GG[C>T]GT,G[C>T]G,1
16_55138605,case12_S1,16,case12_S1_A[C>T]C,55138605,N:CA[C>T]CC,A[C>T]C,-1
16_58457758,case12_S1,16,case12_S1_C[C>T]G,58457758,N:GC[C>T]GA,C[C>T]G,1
16_61022445,case12_S1,16,case12_S1_T[C>T]T,61022445,N:GT[C>T]TA,T[C>T]T,1
16_69381772,case12_S1,16,case12_S1_G[C>A]A,69381772,T:TG[C>A]AC,G[C>A]A,1
16_78929548,case12_S1,16,case12_S1_A[T>C]G,78929548,T:TA[T>C]GG,A[T>C]G,-1
17_10139919,case12_S1,17,case12_S1_C[C>G]T,10139919,U:AC[C>G]TA,C[C>G]T,-1
17_10971198,case12_S1,17,case12_S1_A[T>C]A,10971198,N:TA[T>C]AT,A[T>C]A,-1
17_18112873,case12_S1,17,case12_S1_C[T>C]C,18112873,T:AC[T>C]CC,C[T>C]C,-1
17_49009412,case12_S1,17,case12_S1_T[T>A]A,49009412,T:TT[T>A]AA,T[T>A]A,-1
17_53956638,case12_S1,17,case12_S1_G[C>A]C,53956638,N:TG[C>A]CC,G[C>A]C,-1
17_58294810,case12_S1,17,case12_S1_T[C>T]G,58294810,N:CT[C>T]GG,T[C>T]G,1
17_58420212,case12_S1,17,case12_S1_C[T>A]G,58420212,U:AC[T>A]GA,C[T>A]G,-1
17_60415073,case12_S1,17,case12_S1_T[C>T]G,60415073,B:TT[C>T]GT,T[C>T]G,1
17_75399771,case12_S1,17,case12_S1_G[C>T]A,75399771,U:GG[C>T]AT,G[C>T]A,-1
18_4655370,case12_S1,18,case12_S1_T[C>T]A,4655370,N:CT[C>T]AG,T[C>T]A,-1
18_4726192,case12_S1,18,case12_S1_A[C>T]G,4726192,N:GA[C>T]GA,A[C>T]G,1
18_15007196,case12_S1,18,case12_S1_C[T>G]G,15007196,N:AC[T>G]GG,C[T>G]G,1
18_27846398,case12_S1,18,case12_S1_G[T>G]C,27846398,N:GG[T>G]CA,G[T>G]C,-1
18_36379326,case12_S1,18,case12_S1_C[T>G]G,36379326,T:CC[T>G]GA,C[T>G]G,-1
18_38625008,case12_S1,18,case12_S1_G[C>A]A,38625008,N:CG[C>A]AG,G[C>A]A,1
18_42305986,case12_S1,18,case12_S1_T[C>T]T,42305986,N:GT[C>T]TC,T[C>T]T,1
18_43412715,case12_S1,18,case12_S1_C[T>A]T,43412715,N:TC[T>A]TC,C[T>A]T,-1
18_51979850,case12_S1,18,case12_S1_G[T>A]C,51979850,N:AG[T>A]CT,G[T>A]C,1
18_57962766,case12_S1,18,case12_S1_C[C>G]C,57962766,N:CC[C>G]CT,C[C>G]C,-1
18_64162584,case12_S1,18,case12_S1_C[C>T]A,64162584,N:TC[C>T]AC,C[C>T]A,1
18_72847214,case12_S1,18,case12_S1_A[T>C]A,72847214,T:TA[T>C]AG,A[T>C]A,1
18_75786963,case12_S1,18,case12_S1_C[T>A]G,75786963,N:GC[T>A]GC,C[T>A]G,1
18_76562073,case12_S1,18,case12_S1_A[T>C]A,76562073,N:TA[T>C]AC,A[T>C]A,-1
18_78814387,case12_S1,18,case12_S1_G[C>T]G,78814387,N:AG[C>T]GG,G[C>T]G,-1
19_10225524,case12_S1,19,case12_S1_A[C>T]T,10225524,U:TA[C>T]TC,A[C>T]T,-1
19_10247802,case12_S1,19,case12_S1_A[T>C]G,10247802,N:GA[T>C]GA,A[T>C]G,1
19_15872353,case12_S1,19,case12_S1_A[C>A]C,15872353,N:GA[C>A]CA,A[C>A]C,1
19_20955952,case12_S1,19,case12_S1_T[C>T]T,20955952,N:AT[C>T]TT,T[C>T]T,-1
19_22937626,case12_S1,19,case12_S1_C[C>T]G,22937626,N:GC[C>T]GA,C[C>T]G,-1
19_27822373,case12_S1,19,case12_S1_T[C>T]C,27822373,N:TT[C>T]CA,T[C>T]C,-1
19_28134105,case12_S1,19,case12_S1_G[T>A]A,28134105,N:GG[T>A]AA,G[T>A]A,-1
19_50155340,case12_S1,19,case12_S1_A[C>T]G,50155340,U:CA[C>T]GG,A[C>T]G,-1
19_56935874,case12_S1,19,case12_S1_C[T>A]A,56935874,N:GC[T>A]AA,C[T>A]A,-1
1_4121930,case12_S1,1,case12_S1_A[C>T]G,4121930,N:CA[C>T]GG,A[C>T]G,1
1_4539640,case12_S1,1,case12_S1_C[C>G]A,4539640,N:TC[C>G]AT,C[C>G]A,1
1_11529569,case12_S1,1,case12_S1_G[C>T]G,11529569,T:GG[C>T]GA,G[C>T]G,-1
1_22329108,case12_S1,1,case12_S1_G[C>T]C,22329108,N:GG[C>T]CT,G[C>T]C,1
1_37828547,case12_S1,1,case12_S1_C[C>T]G,37828547,T:TC[C>T]GC,C[C>T]G,1
1_44175259,case12_S1,1,case12_S1_G[C>A]C,44175259,N:AG[C>A]CA,G[C>A]C,1
1_49743098,case12_S1,1,case12_S1_C[T>G]T,49743098,T:CC[T>G]TC,C[T>G]T,1
1_57226123,case12_S1,1,case12_S1_A[C>G]T,57226123,U:AA[C>G]TT,A[C>G]T,-1
1_64467614,case12_S1,1,case12_S1_G[C>T]G,64467614,N:AG[C>T]GC,G[C>T]G,1
1_65644029,case12_S1,1,case12_S1_T[T>C]T,65644029,N:CT[T>C]TG,T[T>C]T,-1
1_75982767,case12_S1,1,case12_S1_C[C>T]T,75982767,N:TC[C>T]TA,C[C>T]T,-1
1_77363477,case12_S1,1,case12_S1_T[C>G]T,77363477,T:AT[C>G]TT,T[C>G]T,-1
1_77363482,case12_S1,1,case12_S1_A[T>C]G,77363482,U:GA[T>C]GT,A[T>C]G,1
1_84204665,case12_S1,1,case12_S1_T[T>G]A,84204665,T:CT[T>G]AG,T[T>G]A,-1
1_87751210,case12_S1,1,case12_S1_A[T>G]G,87751210,N:CA[T>G]GT,A[T>G]G,1
1_91357661,case12_S1,1,case12_S1_G[T>C]T,91357661,U:AG[T>C]TT,G[T>C]T,-1
1_98764321,case12_S1,1,case12_S1_T[C>T]G,98764321,N:TT[C>T]GA,T[C>T]G,-1
1_99448958,case12_S1,1,case12_S1_T[C>T]G,99448958,N:AT[C>T]GA,T[C>T]G,1
1_101927723,case12_S1,1,case12_S1_A[C>T]T,101927723,T:CA[C>T]TT,A[C>T]T,1
1_102234168,case12_S1,1,case12_S1_A[C>T]G,102234168,N:GA[C>T]GC,A[C>T]G,-1
1_106130031,case12_S1,1,case12_S1_A[C>T]G,106130031,N:TA[C>T]GA,A[C>T]G,1
1_114004776,case12_S1,1,case12_S1_A[C>T]G,114004776,N:CA[C>T]GT,A[C>T]G,-1
1_114331086,case12_S1,1,case12_S1_C[T>G]G,114331086,N:TC[T>G]GG,C[T>G]G,1
1_114782883,case12_S1,1,case12_S1_T[C>T]A,114782883,N:CT[C>T]AA,T[C>T]A,-1
1_120812752,case12_S1,1,case12_S1_A[T>C]G,120812752,T:GA[T>C]GG,A[T>C]G,-1
1_147071930,case12_S1,1,case12_S1_C[C>A]C,147071930,N:CC[C>A]CA,C[C>A]C,-1
1_150484423,case12_S1,1,case12_S1_C[T>A]C,150484423,N:CC[T>A]CC,C[T>A]C,-1
1_150653301,case12_S1,1,case12_S1_T[T>A]T,150653301,T:TT[T>A]TT,T[T>A]T,1
1_154206426,case12_S1,1,case12_S1_C[C>G]T,154206426,N:TC[C>G]TA,C[C>G]T,-1
1_164394657,case12_S1,1,case12_S1_A[T>C]A,164394657,N:TA[T>C]AT,A[T>C]A,-1
1_176300453,case12_S1,1,case12_S1_C[T>G]T,176300453,N:AC[T>G]TG,C[T>G]T,-1
1_182927650,case12_S1,1,case12_S1_G[C>T]G,182927650,T:GG[C>T]GA,G[C>T]G,1
1_183422228,case12_S1,1,case12_S1_G[C>A]C,183422228,N:TG[C>A]CA,G[C>A]C,-1
1_198492751,case12_S1,1,case12_S1_G[C>G]C,198492751,N:AG[C>G]CT,G[C>G]C,-1
1_207632759,case12_S1,1,case12_S1_A[C>G]T,207632759,U:CA[C>G]TG,A[C>G]T,1
1_219865865,case12_S1,1,case12_S1_G[T>A]T,219865865,N:TG[T>A]TG,G[T>A]T,-1
1_220766064,case12_S1,1,case12_S1_T[C>T]A,220766064,U:GT[C>T]AG,T[C>T]A,1
1_225390948,case12_S1,1,case12_S1_T[C>T]C,225390948,T:TT[C>T]CC,T[C>T]C,-1
1_236427488,case12_S1,1,case12_S1_A[T>A]G,236427488,T:CA[T>A]GT,A[T>A]G,-1
1_236427506,case12_S1,1,case12_S1_A[T>G]T,236427506,U:AA[T>G]TT,A[T>G]T,1
1_237155239,case12_S1,1,case12_S1_C[C>T]G,237155239,T:AC[C>T]GC,C[C>T]G,-1
1_242025786,case12_S1,1,case12_S1_G[C>T]G,242025786,N:GG[C>T]GC,G[C>T]G,-1
1_248772528,case12_S1,1,case12_S1_A[C>A]C,248772528,N:TA[C>A]CC,A[C>A]C,-1
20_963465,case12_S1,20,case12_S1_A[C>T]G,963465,T:CA[C>T]GG,A[C>T]G,1
20_3473819,case12_S1,20,case12_S1_G[C>T]C,3473819,T:TG[C>T]CC,G[C>T]C,-1
20_14399806,case12_S1,20,case12_S1_T[T>A]G,14399806,U:GT[T>A]GT,T[T>A]G,1
20_16657720,case12_S1,20,case12_S1_C[C>G]A,16657720,N:AC[C>G]AG,C[C>G]A,1
20_16862557,case12_S1,20,case12_S1_A[T>A]A,16862557,N:TA[T>A]AG,A[T>A]A,1
20_22013634,case12_S1,20,case12_S1_A[C>A]T,22013634,N:GA[C>A]TT,A[C>A]T,-1
20_25912764,case12_S1,20,case12_S1_T[C>T]G,25912764,N:AT[C>T]GG,T[C>T]G,1
20_35405388,case12_S1,20,case12_S1_C[C>T]G,35405388,T:TC[C>T]GG,C[C>T]G,1
20_39788368,case12_S1,20,case12_S1_A[T>C]T,39788368,N:TA[T>C]TA,A[T>C]T,1
20_42843238,case12_S1,20,case12_S1_A[T>G]T,42843238,U:AA[T>G]TG,A[T>G]T,-1
20_44029273,case12_S1,20,case12_S1_A[C>A]G,44029273,U:GA[C>A]GG,A[C>A]G,1
20_44065924,case12_S1,20,case12_S1_G[C>T]G,44065924,T:GG[C>T]GG,G[C>T]G,-1
20_49277844,case12_S1,20,case12_S1_A[T>G]T,49277844,T:GA[T>G]TG,A[T>G]T,1
20_51081826,case12_S1,20,case12_S1_T[C>G]T,51081826,N:CT[C>G]TA,T[C>G]T,1
20_52632641,case12_S1,20,case12_S1_A[C>T]A,52632641,N:AA[C>T]AA,A[C>T]A,-1
20_58909365,case12_S1,20,case12_S1_C[C>T]G,58909365,U:GC[C>T]GT,C[C>T]G,1
20_61664247,case12_S1,20,case12_S1_T[C>T]C,61664247,U:CT[C>T]CT,T[C>T]C,1
20_62544842,case12_S1,20,case12_S1_T[C>T]G,62544842,N:CT[C>T]GT,T[C>T]G,1
20_63793972,case12_S1,20,case12_S1_A[C>T]C,63793972,U:GA[C>T]CT,A[C>T]C,-1
20_63937367,case12_S1,20,case12_S1_C[C>T]G,63937367,N:GC[C>T]GG,C[C>T]G,-1
21_13203239,case12_S1,21,case12_S1_G[C>A]C,13203239,N:AG[C>A]CA,G[C>A]C,1
21_13472486,case12_S1,21,case12_S1_A[T>A]T,13472486,N:TA[T>A]TT,A[T>A]T,1
21_17190141,case12_S1,21,case12_S1_A[T>A]G,17190141,N:AA[T>A]GA,A[T>A]G,1
21_19367489,case12_S1,21,case12_S1_C[C>A]C,19367489,N:AC[C>A]CT,C[C>A]C,-1
21_37012279,case12_S1,21,case12_S1_G[C>T]C,37012279,U:TG[C>T]CA,G[C>T]C,1
21_37852894,case12_S1,21,case12_S1_A[T>C]T,37852894,U:GA[T>C]TG,A[T>C]T,-1
21_43920362,case12_S1,21,case12_S1_C[C>A]T,43920362,T:AC[C>A]TG,C[C>A]T,-1
22_17818317,case12_S1,22,case12_S1_C[C>G]G,17818317,T:TC[C>G]GA,C[C>G]G,1
22_26068353,case12_S1,22,case12_S1_C[T>G]T,26068353,N:CC[T>G]TG,C[T>G]T,1
2_608661,case12_S1,2,case12_S1_C[C>T]G,608661,N:TC[C>T]GG,C[C>T]G,-1
2_2244520,case12_S1,2,case12_S1_G[T>C]C,2244520,T:AG[T>C]CT,G[T>C]C,1
2_2558620,case12_S1,2,case12_S1_T[C>T]T,2558620,N:AT[C>T]TG,T[C>T]T,-1
2_3542665,case12_S1,2,case12_S1_T[T>A]A,3542665,T:TT[T>A]AA,T[T>A]A,1
2_4464311,case12_S1,2,case12_S1_A[T>A]A,4464311,N:AA[T>A]AA,A[T>A]A,-1
2_6998889,case12_S1,2,case12_S1_C[T>G]T,6998889,U:CC[T>G]TG,C[T>G]T,1
2_8080492,case12_S1,2,case12_S1_A[T>C]C,8080492,N:AA[T>C]CC,A[T>C]C,-1
2_10785921,case12_S1,2,case12_S1_G[C>G]C,10785921,T:GG[C>G]CA,G[C>G]C,1
2_11897684,case12_S1,2,case12_S1_G[C>T]G,11897684,N:CG[C>T]GT,G[C>T]G,-1
2_12232943,case12_S1,2,case12_S1_T[T>A]C,12232943,N:AT[T>A]CC,T[T>A]C,1
2_13781238,case12_S1,2,case12_S1_T[T>C]C,13781238,N:TT[T>C]CG,T[T>C]C,-1
2_20421571,case12_S1,2,case12_S1_C[C>T]G,20421571,N:GC[C>T]GA,C[C>T]G,1
2_20804746,case12_S1,2,case12_S1_C[C>G]T,20804746,T:AC[C>G]TC,C[C>G]T,1
2_29547308,case12_S1,2,case12_S1_T[T>A]A,29547308,U:AT[T>A]AT,T[T>A]A,-1
2_51943404,case12_S1,2,case12_S1_T[T>A]A,51943404,N:CT[T>A]AA,T[T>A]A,-1
2_68088028,case12_S1,2,case12_S1_A[T>C]T,68088028,N:CA[T>C]TA,A[T>C]T,-1
2_68261845,case12_S1,2,case12_S1_A[C>T]C,68261845,N:AA[C>T]CA,A[C>T]C,1
2_71899897,case12_S1,2,case12_S1_G[C>T]G,71899897,N:TG[C>T]GG,G[C>T]G,1
2_72371535,case12_S1,2,case12_S1_A[C>T]A,72371535,T:TA[C>T]AC,A[C>T]A,1
2_77133232,case12_S1,2,case12_S1_G[C>A]A,77133232,U:AG[C>A]AT,G[C>A]A,-1
2_77980391,case12_S1,2,case12_S1_A[T>C]A,77980391,N:CA[T>C]AC,A[T>C]A,1
2_78636823,case12_S1,2,case12_S1_G[C>T]G,78636823,N:CG[C>T]GA,G[C>T]G,-1
2_78729525,case12_S1,2,case12_S1_T[T>G]T,78729525,N:AT[T>G]TA,T[T>G]T,1
2_80393008,case12_S1,2,case12_S1_A[C>T]G,80393008,U:AA[C>T]GT,A[C>T]G,1
2_80672547,case12_S1,2,case12_S1_T[T>A]A,80672547,N:TT[T>A]AA,T[T>A]A,-1
2_88248945,case12_S1,2,case12_S1_A[T>C]C,88248945,N:CA[T>C]CT,A[T>C]C,-1
2_94572440,case12_S1,2,case12_S1_G[C>T]C,94572440,N:GG[C>T]CT,G[C>T]C,1
2_107375282,case12_S1,2,case12_S1_A[C>T]T,107375282,N:TA[C>T]TC,A[C>T]T,-1
2_110723215,case12_S1,2,case12_S1_T[C>T]G,110723215,N:TT[C>T]GT,T[C>T]G,-1
2_139093570,case12_S1,2,case12_S1_G[C>A]A,139093570,N:TG[C>A]AC,G[C>A]A,-1
2_140060431,case12_S1,2,case12_S1_G[T>A]C,140060431,N:TG[T>A]CT,G[T>A]C,1
2_153611968,case12_S1,2,case12_S1_A[C>T]G,153611968,N:AA[C>T]GG,A[C>T]G,-1
2_155589980,case12_S1,2,case12_S1_A[T>A]C,155589980,N:CA[T>A]CT,A[T>A]C,1
2_160439900,case12_S1,2,case12_S1_A[C>G]G,160439900,T:TA[C>G]GA,A[C>G]G,1
2_165988415,case12_S1,2,case12_S1_T[C>G]T,165988415,U:TT[C>G]TC,T[C>G]T,-1
2_167710167,case12_S1,2,case12_S1_G[C>T]T,167710167,N:TG[C>T]TG,G[C>T]T,1
2_179836508,case12_S1,2,case12_S1_A[C>T]G,179836508,U:AA[C>T]GC,A[C>T]G,-1
2_183064497,case12_S1,2,case12_S1_A[T>C]C,183064497,N:TA[T>C]CC,A[T>C]C,-1
2_192909582,case12_S1,2,case12_S1_A[T>A]G,192909582,N:AA[T>A]GT,A[T>A]G,-1
2_214088514,case12_S1,2,case12_S1_A[T>C]G,214088514,T:AA[T>C]GT,A[T>C]G,-1
2_230126895,case12_S1,2,case12_S1_A[T>A]T,230126895,N:GA[T>A]TT,A[T>A]T,1
2_233123249,case12_S1,2,case12_S1_A[T>A]C,233123249,T:GA[T>A]CT,A[T>A]C,-1
2_238985840,case12_S1,2,case12_S1_G[C>T]G,238985840,N:TG[C>T]GT,G[C>T]G,1
3_2342136,case12_S1,3,case12_S1_G[C>A]T,2342136,U:AG[C>A]TC,G[C>A]T,1
3_6910053,case12_S1,3,case12_S1_C[C>A]T,6910053,U:TC[C>A]TC,C[C>A]T,1
3_8905157,case12_S1,3,case12_S1_A[C>T]A,8905157,U:GA[C>T]AC,A[C>T]A,-1
3_12266217,case12_S1,3,case12_S1_T[C>T]G,12266217,N:GT[C>T]GG,T[C>T]G,1
3_13026422,case12_S1,3,case12_S1_A[C>T]G,13026422,T:GA[C>T]GA,A[C>T]G,1
3_13437619,case12_S1,3,case12_S1_A[C>T]C,13437619,N:CA[C>T]CA,A[C>T]C,1
3_13804547,case12_S1,3,case12_S1_C[T>A]G,13804547,N:AC[T>A]GC,C[T>A]G,-1
3_18471339,case12_S1,3,case12_S1_C[C>A]T,18471339,N:TC[C>A]TT,C[C>A]T,-1
3_20036113,case12_S1,3,case12_S1_T[T>A]T,20036113,N:AT[T>A]TG,T[T>A]T,-1
3_25257358,case12_S1,3,case12_S1_T[C>A]T,25257358,T:TT[C>A]TG,T[C>A]T,-1
3_28797310,case12_S1,3,case12_S1_C[C>T]T,28797310,U:GC[C>T]TA,C[C>T]T,1
3_33607967,case12_S1,3,case12_S1_C[C>A]A,33607967,T:TC[C>A]AT,C[C>A]A,1
3_35031027,case12_S1,3,case12_S1_T[T>C]T,35031027,N:TT[T>C]TG,T[T>C]T,1
3_35281042,case12_S1,3,case12_S1_T[T>A]T,35281042,N:GT[T>A]TT,T[T>A]T,-1
3_36745359,case12_S1,3,case12_S1_C[T>A]T,36745359,U:TC[T>A]TG,C[T>A]T,-1
3_38875410,case12_S1,3,case12_S1_G[C>A]A,38875410,T:TG[C>A]AA,G[C>A]A,1
3_43060388,case12_S1,3,case12_S1_G[C>T]A,43060388,N:AG[C>T]AG,G[C>T]A,1
3_43569845,case12_S1,3,case12_S1_C[C>G]T,43569845,U:GC[C>G]TA,C[C>G]T,-1
3_43924260,case12_S1,3,case12_S1_G[C>A]C,43924260,N:TG[C>A]CG,G[C>A]C,1
3_48582808,case12_S1,3,case12_S1_G[T>A]C,48582808,T:GG[T>A]CA,G[T>A]C,1
3_51277084,case12_S1,3,case12_S1_G[C>A]A,51277084,U:GG[C>A]AA,G[C>A]A,1
3_57211463,case12_S1,3,case12_S1_T[C>G]A,57211463,U:CT[C>G]AA,T[C>G]A,-1
3_63739365,case12_S1,3,case12_S1_T[T>A]T,63739365,N:TT[T>A]TT,T[T>A]T,-1
3_67960725,case12_S1,3,case12_S1_A[C>T]A,67960725,N:GA[C>T]AA,A[C>T]A,1
3_86282334,case12_S1,3,case12_S1_G[C>T]G,86282334,N:TG[C>T]GG,G[C>T]G,-1
3_89837788,case12_S1,3,case12_S1_G[T>C]T,89837788,N:TG[T>C]TG,G[T>C]T,-1
3_94537522,case12_S1,3,case12_S1_T[T>A]T,94537522,N:AT[T>A]TC,T[T>A]T,1
3_94961924,case12_S1,3,case12_S1_C[T>A]G,94961924,N:TC[T>A]GC,C[T>A]G,-1
3_100572198,case12_S1,3,case12_S1_C[T>C]A,100572198,U:AC[T>C]AG,C[T>C]A,1
3_103052716,case12_S1,3,case12_S1_G[T>C]G,103052716,N:TG[T>C]GT,G[T>C]G,1
3_104578638,case12_S1,3,case12_S1_G[C>A]A,104578638,N:GG[C>A]AT,G[C>A]A,1
3_104841514,case12_S1,3,case12_S1_T[T>G]T,104841514,N:TT[T>G]TA,T[T>G]T,-1
3_116460889,case12_S1,3,case12_S1_T[C>G]C,116460889,T:GT[C>G]CA,T[C>G]C,1
3_117958651,case12_S1,3,case12_S1_T[T>G]T,117958651,N:TT[T>G]TT,T[T>G]T,-1
3_124261811,case12_S1,3,case12_S1_A[C>T]G,124261811,T:AA[C>T]GT,A[C>T]G,-1
3_133528298,case12_S1,3,case12_S1_C[C>T]A,133528298,N:CC[C>T]AA,C[C>T]A,1
3_135962648,case12_S1,3,case12_S1_T[C>T]T,135962648,N:CT[C>T]TG,T[C>T]T,1
3_145051802,case12_S1,3,case12_S1_A[T>A]T,145051802,N:GA[T>A]TT,A[T>A]T,1
3_145580944,case12_S1,3,case12_S1_T[T>G]T,145580944,N:AT[T>G]TA,T[T>G]T,-1
3_145655130,case12_S1,3,case12_S1_G[C>T]G,145655130,N:AG[C>T]GA,G[C>T]G,-1
3_148046148,case12_S1,3,case12_S1_G[C>A]C,148046148,N:TG[C>A]CA,G[C>A]C,-1
3_154127460,case12_S1,3,case12_S1_A[C>T]A,154127460,T:GA[C>T]AT,A[C>T]A,-1
3_154510114,case12_S1,3,case12_S1_G[C>A]A,154510114,N:AG[C>A]AG,G[C>A]A,-1
3_155804774,case12_S1,3,case12_S1_A[C>T]G,155804774,T:CA[C>T]GG,A[C>T]G,1
3_158387114,case12_S1,3,case12_S1_G[T>G]C,158387114,T:GG[T>G]CA,G[T>G]C,-1
3_159522800,case12_S1,3,case12_S1_G[C>T]G,159522800,U:GG[C>T]GG,G[C>T]G,1
3_165182150,case12_S1,3,case12_S1_T[T>A]G,165182150,N:TT[T>A]GT,T[T>A]G,1
3_170637066,case12_S1,3,case12_S1_T[C>A]A,170637066,U:CT[C>A]AT,T[C>A]A,1
3_173216836,case12_S1,3,case12_S1_T[T>A]T,173216836,N:TT[T>A]TG,T[T>A]T,-1
3_182767299,case12_S1,3,case12_S1_C[C>A]C,182767299,N:CC[C>A]CC,C[C>A]C,-1
3_191467276,case12_S1,3,case12_S1_T[C>G]T,191467276,N:GT[C>G]TT,T[C>G]T,-1
3_192633288,case12_S1,3,case12_S1_C[C>T]G,192633288,T:TC[C>T]GC,C[C>T]G,1
4_524132,case12_S1,4,case12_S1_T[C>T]A,524132,U:TT[C>T]AT,T[C>T]A,1
4_1126106,case12_S1,4,case12_S1_G[C>T]A,1126106,N:AG[C>T]AT,G[C>T]A,1
4_6167975,case12_S1,4,case12_S1_A[T>A]C,6167975,T:CA[T>A]CC,A[T>A]C,1
4_8567167,case12_S1,4,case12_S1_A[C>T]A,8567167,N:AA[C>T]AT,A[C>T]A,1
4_8895087,case12_S1,4,case12_S1_A[C>T]G,8895087,N:AA[C>T]GC,A[C>T]G,-1
4_10792242,case12_S1,4,case12_S1_T[C>A]T,10792242,N:GT[C>A]TC,T[C>A]T,1
4_13809147,case12_S1,4,case12_S1_T[C>G]A,13809147,N:AT[C>G]AC,T[C>G]A,-1
4_19279017,case12_S1,4,case12_S1_A[C>T]A,19279017,N:TA[C>T]AG,A[C>T]A,-1
4_19560852,case12_S1,4,case12_S1_A[C>T]G,19560852,N:TA[C>T]GA,A[C>T]G,1
4_22186014,case12_S1,4,case12_S1_G[C>A]C,22186014,N:GG[C>A]CA,G[C>A]C,1
4_23031939,case12_S1,4,case12_S1_T[T>G]T,23031939,N:GT[T>G]TA,T[T>G]T,-1
4_24078915,case12_S1,4,case12_S1_T[T>C]A,24078915,N:TT[T>C]AA,T[T>C]A,1
4_27298650,case12_S1,4,case12_S1_C[C>T]T,27298650,N:TC[C>T]TT,C[C>T]T,1
4_31629192,case12_S1,4,case12_S1_C[C>T]G,31629192,N:GC[C>T]GG,C[C>T]G,1
4_33784362,case12_S1,4,case12_S1_T[T>G]T,33784362,N:GT[T>G]TT,T[T>G]T,1
4_44950072,case12_S1,4,case12_S1_A[C>T]G,44950072,N:CA[C>T]GG,A[C>T]G,-1
4_46227227,case12_S1,4,case12_S1_T[C>G]T,46227227,N:AT[C>G]TG,T[C>G]T,-1
4_46822015,case12_S1,4,case12_S1_T[C>T]G,46822015,U:AT[C>T]GC,T[C>T]G,-1
4_48458305,case12_S1,4,case12_S1_A[C>T]C,48458305,N:CA[C>T]CC,A[C>T]C,-1
4_60775338,case12_S1,4,case12_S1_T[T>C]A,60775338,N:AT[T>C]AG,T[T>C]A,-1
4_61631969,case12_S1,4,case12_S1_T[T>G]T,61631969,U:TT[T>G]TC,T[T>G]T,1
4_62723947,case12_S1,4,case12_S1_A[T>G]T,62723947,N:CA[T>G]TA,A[T>G]T,1
4_64752035,case12_S1,4,case12_S1_A[T>C]T,64752035,N:TA[T>C]TT,A[T>C]T,-1
4_70049121,case12_S1,4,case12_S1_T[C>A]T,70049121,N:AT[C>A]TG,T[C>A]T,-1
4_79598756,case12_S1,4,case12_S1_C[C>T]G,79598756,N:GC[C>T]GT,C[C>T]G,1
4_84352222,case12_S1,4,case12_S1_T[T>G]A,84352222,N:CT[T>G]AA,T[T>G]A,1
4_85026787,case12_S1,4,case12_S1_T[C>A]T,85026787,N:TT[C>A]TC,T[C>A]T,-1
4_86314092,case12_S1,4,case12_S1_T[T>A]A,86314092,T:TT[T>A]AC,T[T>A]A,1
4_88050536,case12_S1,4,case12_S1_A[T>C]C,88050536,T:CA[T>C]CA,A[T>C]C,-1
4_89352125,case12_S1,4,case12_S1_G[C>T]T,89352125,N:TG[C>T]TA,G[C>T]T,1
4_92598064,case12_S1,4,case12_S1_A[T>A]A,92598064,T:CA[T>A]AA,A[T>A]A,-1
4_102449238,case12_S1,4,case12_S1_G[C>T]G,102449238,N:GG[C>T]GC,G[C>T]G,-1
4_103667213,case12_S1,4,case12_S1_G[C>T]G,103667213,U:CG[C>T]GA,G[C>T]G,-1
4_103824272,case12_S1,4,case12_S1_A[T>A]T,103824272,N:AA[T>A]TC,A[T>A]T,-1
4_103977458,case12_S1,4,case12_S1_T[C>A]T,103977458,N:AT[C>A]TG,T[C>A]T,-1
4_104868527,case12_S1,4,case12_S1_C[C>T]T,104868527,N:CC[C>T]TG,C[C>T]T,1
4_108867830,case12_S1,4,case12_S1_T[C>A]T,108867830,T:GT[C>A]TT,T[C>A]T,1
4_112232172,case12_S1,4,case12_S1_C[T>C]C,112232172,T:CC[T>C]CC,C[T>C]C,-1
4_116118795,case12_S1,4,case12_S1_C[C>A]C,116118795,N:TC[C>A]CC,C[C>A]C,-1
4_116118818,case12_S1,4,case12_S1_A[T>A]A,116118818,N:AA[T>A]AA,A[T>A]A,-1
4_116387429,case12_S1,4,case12_S1_G[T>G]T,116387429,N:AG[T>G]TT,G[T>G]T,-1
4_125833111,case12_S1,4,case12_S1_T[T>A]T,125833111,N:TT[T>A]TT,T[T>A]T,-1
4_128300645,case12_S1,4,case12_S1_A[C>T]G,128300645,N:CA[C>T]GA,A[C>T]G,-1
4_130551528,case12_S1,4,case12_S1_A[C>T]G,130551528,N:TA[C>T]GC,A[C>T]G,1
4_132335845,case12_S1,4,case12_S1_A[C>T]A,132335845,N:AA[C>T]AG,A[C>T]A,-1
4_133735159,case12_S1,4,case12_S1_A[C>A]T,133735159,N:AA[C>A]TG,A[C>A]T,-1
4_135194178,case12_S1,4,case12_S1_A[C>T]T,135194178,N:GA[C>T]TG,A[C>T]T,1
4_135309000,case12_S1,4,case12_S1_C[C>A]A,135309000,N:CC[C>A]AA,C[C>A]A,1
4_136256064,case12_S1,4,case12_S1_G[T>A]G,136256064,N:TG[T>A]GT,G[T>A]G,-1
4_138254764,case12_S1,4,case12_S1_C[T>A]T,138254764,N:TC[T>A]TC,C[T>A]T,1
4_138425686,case12_S1,4,case12_S1_A[C>G]T,138425686,N:GA[C>G]TA,A[C>G]T,1
4_141721334,case12_S1,4,case12_S1_T[T>C]T,141721334,U:TT[T>C]TT,T[T>C]T,1
4_143667254,case12_S1,4,case12_S1_A[T>A]C,143667254,U:GA[T>A]CT,A[T>A]C,-1
4_147654140,case12_S1,4,case12_S1_A[T>A]C,147654140,B:CA[T>A]CT,A[T>A]C,1
4_148303419,case12_S1,4,case12_S1_T[C>T]C,148303419,T:TT[C>T]CT,T[C>T]C,1
4_160753653,case12_S1,4,case12_S1_A[T>A]A,160753653,N:AA[T>A]AC,A[T>A]A,1
4_161267172,case12_S1,4,case12_S1_C[T>A]G,161267172,N:TC[T>A]GC,C[T>A]G,1
4_173193292,case12_S1,4,case12_S1_G[T>A]A,173193292,T:TG[T>A]AC,G[T>A]A,-1
4_173986128,case12_S1,4,case12_S1_G[T>C]T,173986128,N:AG[T>C]TA,G[T>C]T,-1
4_174916872,case12_S1,4,case12_S1_A[T>C]C,174916872,N:AA[T>C]CA,A[T>C]C,-1
4_178346235,case12_S1,4,case12_S1_A[T>G]T,178346235,N:CA[T>G]TT,A[T>G]T,1
4_179558032,case12_S1,4,case12_S1_G[C>T]C,179558032,N:TG[C>T]CT,G[C>T]C,-1
4_183925393,case12_S1,4,case12_S1_C[C>G]T,183925393,T:GC[C>G]TG,C[C>G]T,-1
4_186362843,case12_S1,4,case12_S1_A[T>C]A,186362843,N:TA[T>C]AT,A[T>C]A,-1
5_746517,case12_S1,5,case12_S1_G[T>A]C,746517,T:GG[T>A]CT,G[T>A]C,1
5_11596475,case12_S1,5,case12_S1_C[C>A]A,11596475,T:CC[C>A]AC,C[C>A]A,1
5_16360054,case12_S1,5,case12_S1_C[C>T]G,16360054,N:CC[C>T]GC,C[C>T]G,-1
5_19783113,case12_S1,5,case12_S1_A[T>C]T,19783113,T:AA[T>C]TA,A[T>C]T,1
5_20959595,case12_S1,5,case12_S1_C[C>T]T,20959595,N:AC[C>T]TG,C[C>T]T,-1
5_33157983,case12_S1,5,case12_S1_G[C>T]G,33157983,N:GG[C>T]GT,G[C>T]G,1
5_41029485,case12_S1,5,case12_S1_A[T>C]G,41029485,U:AA[T>C]GA,A[T>C]G,-1
5_41246342,case12_S1,5,case12_S1_C[T>A]T,41246342,T:GC[T>A]TC,C[T>A]T,1
5_56476120,case12_S1,5,case12_S1_C[C>A]C,56476120,N:CC[C>A]CT,C[C>A]C,1
5_57334172,case12_S1,5,case12_S1_G[C>G]C,57334172,N:AG[C>G]CC,G[C>G]C,1
5_61553182,case12_S1,5,case12_S1_C[C>T]A,61553182,N:CC[C>T]AT,C[C>T]A,-1
5_64548866,case12_S1,5,case12_S1_T[T>A]T,64548866,U:TT[T>A]TA,T[T>A]T,1
5_85492971,case12_S1,5,case12_S1_C[T>A]C,85492971,N:GC[T>A]CA,C[T>A]C,1
5_90264851,case12_S1,5,case12_S1_T[C>T]T,90264851,N:GT[C>T]TC,T[C>T]T,-1
5_93926644,case12_S1,5,case12_S1_G[C>T]G,93926644,T:TG[C>T]GA,G[C>T]G,1
5_98088657,case12_S1,5,case12_S1_G[C>G]C,98088657,N:TG[C>G]CC,G[C>G]C,1
5_107229969,case12_S1,5,case12_S1_A[C>T]T,107229969,N:AA[C>T]TA,A[C>T]T,-1
5_110102205,case12_S1,5,case12_S1_T[C>T]C,110102205,N:AT[C>T]CT,T[C>T]C,1
5_111662355,case12_S1,5,case12_S1_T[C>T]C,111662355,N:GT[C>T]CC,T[C>T]C,-1
5_112771668,case12_S1,5,case12_S1_A[T>A]A,112771668,T:CA[T>A]AC,A[T>A]A,-1
5_117027238,case12_S1,5,case12_S1_T[T>A]G,117027238,N:TT[T>A]GA,T[T>A]G,1
5_117228367,case12_S1,5,case12_S1_A[C>T]G,117228367,N:CA[C>T]GC,A[C>T]G,-1
5_120513204,case12_S1,5,case12_S1_G[C>T]A,120513204,U:TG[C>T]AA,G[C>T]A,1
5_123688929,case12_S1,5,case12_S1_T[T>C]T,123688929,N:CT[T>C]TG,T[T>C]T,-1
5_132301591,case12_S1,5,case12_S1_A[C>T]C,132301591,U:AA[C>T]CC,A[C>T]C,1
5_143113860,case12_S1,5,case12_S1_C[C>T]T,143113860,T:TC[C>T]TC,C[C>T]T,-1
5_144971173,case12_S1,5,case12_S1_G[C>T]A,144971173,N:GG[C>T]AG,G[C>T]A,-1
5_146520141,case12_S1,5,case12_S1_G[T>G]A,146520141,N:TG[T>G]AT,G[T>G]A,1
5_153933220,case12_S1,5,case12_S1_C[C>T]G,153933220,N:TC[C>T]GC,C[C>T]G,-1
5_155214016,case12_S1,5,case12_S1_A[C>T]T,155214016,N:TA[C>T]TT,A[C>T]T,1
5_156163848,case12_S1,5,case12_S1_A[C>T]G,156163848,T:GA[C>T]GG,A[C>T]G,-1
5_157011264,case12_S1,5,case12_S1_G[T>C]C,157011264,N:TG[T>C]CA,G[T>C]C,-1
5_157744222,case12_S1,5,case12_S1_C[T>G]T,157744222,T:GC[T>G]TC,C[T>G]T,-1
5_165392167,case12_S1,5,case12_S1_C[C>A]C,165392167,N:TC[C>A]CT,C[C>A]C,1
5_165430678,case12_S1,5,case12_S1_A[C>T]C,165430678,N:AA[C>T]CT,A[C>T]C,-1
5_175101675,case12_S1,5,case12_S1_C[T>A]C,175101675,N:GC[T>A]CA,C[T>A]C,-1
5_175618665,case12_S1,5,case12_S1_T[T>C]T,175618665,N:CT[T>C]TA,T[T>C]T,1
5_176729645,case12_S1,5,case12_S1_C[C>T]G,176729645,N:AC[C>T]GG,C[C>T]G,-1
6_3134016,case12_S1,6,case12_S1_A[T>A]T,3134016,T:CA[T>A]TT,A[T>A]T,-1
6_7013861,case12_S1,6,case12_S1_T[T>G]T,7013861,N:TT[T>G]TA,T[T>G]T,1
6_8840204,case12_S1,6,case12_S1_T[T>C]A,8840204,N:TT[T>C]AT,T[T>C]A,-1
6_9449174,case12_S1,6,case12_S1_A[T>C]G,9449174,N:GA[T>C]GG,A[T>C]G,-1
6_9709889,case12_S1,6,case12_S1_A[T>A]C,9709889,N:AA[T>A]CC,A[T>A]C,-1
6_18182511,case12_S1,6,case12_S1_T[T>C]A,18182511,T:TT[T>C]AT,T[T>C]A,-1
6_18650635,case12_S1,6,case12_S1_G[T>G]A,18650635,N:AG[T>G]AT,G[T>G]A,1
6_22153617,case12_S1,6,case12_S1_C[C>T]G,22153617,N:GC[C>T]GT,C[C>T]G,-1
6_28723209,case12_S1,6,case12_S1_A[T>C]A,28723209,N:AA[T>C]AT,A[T>C]A,1
6_31369485,case12_S1,6,case12_S1_A[C>T]G,31369485,N:GA[C>T]GG,A[C>T]G,1
6_36623196,case12_S1,6,case12_S1_C[C>A]A,36623196,N:CC[C>A]AG,C[C>A]A,-1
6_48380950,case12_S1,6,case12_S1_A[C>T]A,48380950,N:CA[C>T]AT,A[C>T]A,1
6_48740783,case12_S1,6,case12_S1_T[T>C]G,48740783,N:CT[T>C]GT,T[T>C]G,-1
6_51012685,case12_S1,6,case12_S1_T[T>C]G,51012685,N:TT[T>C]GA,T[T>C]G,-1
6_53365589,case12_S1,6,case12_S1_T[C>T]A,53365589,N:CT[C>T]AT,T[C>T]A,1
6_55686723,case12_S1,6,case12_S1_C[T>A]G,55686723,N:AC[T>A]GG,C[T>A]G,1
6_60865953,case12_S1,6,case12_S1_G[C>T]G,60865953,N:TG[C>T]GA,G[C>T]G,1
6_64893667,case12_S1,6,case12_S1_A[C>T]C,64893667,T:CA[C>T]CA,A[C>T]C,1
6_65670828,case12_S1,6,case12_S1_C[T>G]T,65670828,U:AC[T>G]TG,C[T>G]T,-1
6_67889053,case12_S1,6,case12_S1_C[C>T]G,67889053,N:GC[C>T]GA,C[C>T]G,-1
6_70677876,case12_S1,6,case12_S1_T[C>T]A,70677876,U:TT[C>T]AC,T[C>T]A,1
6_74405041,case12_S1,6,case12_S1_T[C>T]C,74405041,N:TT[C>T]CC,T[C>T]C,-1
6_76262167,case12_S1,6,case12_S1_T[C>T]T,76262167,N:AT[C>T]TC,T[C>T]T,-1
6_78199360,case12_S1,6,case12_S1_C[T>A]G,78199360,N:CC[T>A]GA,C[T>A]G,1
6_82085972,case12_S1,6,case12_S1_C[C>G]A,82085972,N:GC[C>G]AA,C[C>G]A,-1
6_84019808,case12_S1,6,case12_S1_T[T>A]T,84019808,N:CT[T>A]TT,T[T>A]T,1
6_84717696,case12_S1,6,case12_S1_C[C>A]T,84717696,U:AC[C>A]TT,C[C>A]T,-1
6_85801161,case12_S1,6,case12_S1_T[T>G]T,85801161,N:CT[T>G]TA,T[T>G]T,1
6_93708438,case12_S1,6,case12_S1_A[T>G]G,93708438,N:CA[T>G]GA,A[T>G]G,1
6_112252458,case12_S1,6,case12_S1_A[T>C]A,112252458,B:CA[T>C]AT,A[T>C]A,-1
6_113085577,case12_S1,6,case12_S1_G[C>T]G,113085577,N:GG[C>T]GT,G[C>T]G,-1
6_115154074,case12_S1,6,case12_S1_C[T>C]A,115154074,N:AC[T>C]AG,C[T>C]A,-1
6_115698241,case12_S1,6,case12_S1_A[T>A]T,115698241,N:TA[T>A]TG,A[T>A]T,-1
6_116820703,case12_S1,6,case12_S1_A[T>C]G,116820703,U:TA[T>C]GT,A[T>C]G,-1
6_122461863,case12_S1,6,case12_S1_A[T>C]T,122461863,T:TA[T>C]TC,A[T>C]T,1
6_124027632,case12_S1,6,case12_S1_A[C>T]T,124027632,T:GA[C>T]TG,A[C>T]T,-1
6_125451100,case12_S1,6,case12_S1_A[C>T]G,125451100,N:AA[C>T]GC,A[C>T]G,1
6_135550397,case12_S1,6,case12_S1_A[C>T]G,135550397,N:AA[C>T]GT,A[C>T]G,1
6_138406961,case12_S1,6,case12_S1_A[C>T]C,138406961,T:GA[C>T]CT,A[C>T]C,-1
6_141960201,case12_S1,6,case12_S1_G[C>A]T,141960201,N:GG[C>A]TT,G[C>A]T,-1
6_142548527,case12_S1,6,case12_S1_C[C>T]C,142548527,N:CC[C>T]CC,C[C>T]C,1
6_147798279,case12_S1,6,case12_S1_A[T>C]G,147798279,N:AA[T>C]GA,A[T>C]G,-1
6_155033156,case12_S1,6,case12_S1_C[T>A]C,155033156,T:AC[T>A]CA,C[T>A]C,-1
6_162619246,case12_S1,6,case12_S1_T[C>T]G,162619246,U:AT[C>T]GC,T[C>T]G,-1
6_168632039,case12_S1,6,case12_S1_C[C>T]G,168632039,U:TC[C>T]GT,C[C>T]G,1
7_1978403,case12_S1,7,case12_S1_C[C>T]G,1978403,U:GC[C>T]GG,C[C>T]G,-1
7_5055699,case12_S1,7,case12_S1_A[T>G]T,5055699,T:AA[T>G]TA,A[T>G]T,-1
7_5129909,case12_S1,7,case12_S1_C[T>A]T,5129909,N:GC[T>A]TT,C[T>A]T,1
7_8607491,case12_S1,7,case12_S1_A[C>T]C,8607491,U:GA[C>T]CA,A[C>T]C,1
7_9338578,case12_S1,7,case12_S1_G[T>A]A,9338578,N:AG[T>A]AA,G[T>A]A,1
7_10699552,case12_S1,7,case12_S1_T[C>G]T,10699552,N:CT[C>G]TG,T[C>G]T,-1
7_13020033,case12_S1,7,case12_S1_C[C>T]A,13020033,N:CC[C>T]AA,C[C>T]A,1
7_18337730,case12_S1,7,case12_S1_G[C>T]C,18337730,U:GG[C>T]CC,G[C>T]C,1
7_22520489,case12_S1,7,case12_S1_C[C>T]G,22520489,T:AC[C>T]GC,C[C>T]G,1
7_26239805,case12_S1,7,case12_S1_C[T>C]C,26239805,N:TC[T>C]CC,C[T>C]C,-1
7_34605360,case12_S1,7,case12_S1_T[C>A]T,34605360,N:GT[C>A]TT,T[C>A]T,-1
7_39911211,case12_S1,7,case12_S1_C[C>T]T,39911211,N:CC[C>T]TA,C[C>T]T,-1
7_42992885,case12_S1,7,case12_S1_G[T>C]T,42992885,N:CG[T>C]TG,G[T>C]T,-1
7_44297200,case12_S1,7,case12_S1_G[C>T]G,44297200,T:TG[C>T]GA,G[C>T]G,1
7_45968597,case12_S1,7,case12_S1_C[C>T]G,45968597,N:CC[C>T]GC,C[C>T]G,-1
7_46131596,case12_S1,7,case12_S1_C[T>C]A,46131596,N:TC[T>C]AG,C[T>C]A,1
7_46983108,case12_S1,7,case12_S1_C[C>A]C,46983108,N:AC[C>A]CG,C[C>A]C,1
7_47188190,case12_S1,7,case12_S1_G[C>T]A,47188190,N:TG[C>T]AA,G[C>T]A,-1
7_50186974,case12_S1,7,case12_S1_T[C>T]C,50186974,N:CT[C>T]CT,T[C>T]C,1
7_50428962,case12_S1,7,case12_S1_G[C>T]T,50428962,N:TG[C>T]TA,G[C>T]T,1
7_51146836,case12_S1,7,case12_S1_T[C>T]C,51146836,U:CT[C>T]CT,T[C>T]C,-1
7_52305663,case12_S1,7,case12_S1_C[T>G]T,52305663,N:AC[T>G]TT,C[T>G]T,-1
7_52329858,case12_S1,7,case12_S1_A[T>A]A,52329858,N:CA[T>A]AA,A[T>A]A,1
7_53387246,case12_S1,7,case12_S1_G[C>T]T,53387246,N:GG[C>T]TG,G[C>T]T,1
7_56434455,case12_S1,7,case12_S1_T[C>T]A,56434455,N:CT[C>T]AC,T[C>T]A,1
7_56595493,case12_S1,7,case12_S1_A[C>A]A,56595493,N:TA[C>A]AT,A[C>A]A,1
7_56611836,case12_S1,7,case12_S1_T[T>G]T,56611836,N:GT[T>G]TT,T[T>G]T,-1
7_56829784,case12_S1,7,case12_S1_G[C>A]T,56829784,N:AG[C>A]TC,G[C>A]T,-1
7_57446851,case12_S1,7,case12_S1_G[C>A]C,57446851,N:TG[C>A]CC,G[C>A]C,-1
7_60943310,case12_S1,7,case12_S1_T[T>A]C,60943310,N:TT[T>A]CA,T[T>A]C,-1
7_63932392,case12_S1,7,case12_S1_G[C>T]A,63932392,N:GG[C>T]AG,G[C>T]A,-1
7_67014582,case12_S1,7,case12_S1_C[T>C]A,67014582,T:CC[T>C]AT,C[T>C]A,-1
7_79100016,case12_S1,7,case12_S1_C[T>A]T,79100016,T:TC[T>A]TA,C[T>A]T,1
7_82629779,case12_S1,7,case12_S1_G[C>T]C,82629779,N:AG[C>T]CA,G[C>T]C,-1
7_84274833,case12_S1,7,case12_S1_A[C>T]C,84274833,T:AA[C>T]CT,A[C>T]C,1
7_86715005,case12_S1,7,case12_S1_T[T>A]T,86715005,U:TT[T>A]TT,T[T>A]T,1
7_95809500,case12_S1,7,case12_S1_G[T>C]T,95809500,U:TG[T>C]TT,G[T>C]T,1
7_95892259,case12_S1,7,case12_S1_T[C>T]C,95892259,U:CT[C>T]CT,T[C>T]C,1
7_99597058,case12_S1,7,case12_S1_A[T>C]A,99597058,N:TA[T>C]AG,A[T>C]A,-1
7_100187371,case12_S1,7,case12_S1_G[C>A]A,100187371,U:GG[C>A]AG,G[C>A]A,1
7_101427594,case12_S1,7,case12_S1_C[C>T]G,101427594,T:TC[C>T]GC,C[C>T]G,-1
7_102746015,case12_S1,7,case12_S1_A[C>T]G,102746015,N:CA[C>T]GT,A[C>T]G,-1
7_103202589,case12_S1,7,case12_S1_A[C>T]G,103202589,N:CA[C>T]GA,A[C>T]G,-1
7_114429692,case12_S1,7,case12_S1_A[T>C]G,114429692,U:TA[T>C]GA,A[T>C]G,1
7_115041834,case12_S1,7,case12_S1_T[T>C]C,115041834,N:AT[T>C]CA,T[T>C]C,-1
7_115601565,case12_S1,7,case12_S1_G[C>T]G,115601565,N:TG[C>T]GC,G[C>T]G,-1
7_116148905,case12_S1,7,case12_S1_T[T>C]T,116148905,U:TT[T>C]TT,T[T>C]T,-1
7_124097184,case12_S1,7,case12_S1_C[C>T]T,124097184,N:CC[C>T]TA,C[C>T]T,-1
7_126783653,case12_S1,7,case12_S1_T[C>G]A,126783653,U:TT[C>G]AA,T[C>G]A,-1
7_126938918,case12_S1,7,case12_S1_C[T>C]G,126938918,T:CC[T>C]GA,C[T>C]G,1
7_131800083,case12_S1,7,case12_S1_G[C>A]C,131800083,N:TG[C>A]CC,G[C>A]C,1
7_136850204,case12_S1,7,case12_S1_A[C>A]T,136850204,N:TA[C>A]TG,A[C>A]T,1
7_137343305,case12_S1,7,case12_S1_T[C>G]C,137343305,T:GT[C>G]CT,T[C>G]C,1
7_144091260,case12_S1,7,case12_S1_A[C>T]G,144091260,T:CA[C>T]GC,A[C>T]G,-1
7_144871604,case12_S1,7,case12_S1_T[T>C]G,144871604,N:AT[T>C]GT,T[T>C]G,-1
7_145402897,case12_S1,7,case12_S1_C[C>T]T,145402897,N:GC[C>T]TA,C[C>T]T,1
7_145444465,case12_S1,7,case12_S1_A[C>T]G,145444465,N:CA[C>T]GC,A[C>T]G,-1
7_145562374,case12_S1,7,case12_S1_T[C>T]T,145562374,N:AT[C>T]TA,T[C>T]T,1
7_148511517,case12_S1,7,case12_S1_A[C>A]A,148511517,N:AA[C>A]AA,A[C>A]A,-1
7_151741638,case12_S1,7,case12_S1_G[C>T]A,151741638,T:TG[C>T]AC,G[C>T]A,1
7_153517379,case12_S1,7,case12_S1_A[C>T]G,153517379,N:TA[C>T]GC,A[C>T]G,-1
7_154466381,case12_S1,7,case12_S1_A[T>A]G,154466381,T:AA[T>A]GA,A[T>A]G,-1
7_156304550,case12_S1,7,case12_S1_A[T>C]T,156304550,N:AA[T>C]TG,A[T>C]T,-1
8_3907194,case12_S1,8,case12_S1_G[C>T]G,3907194,T:AG[C>T]GA,G[C>T]G,1
8_5996260,case12_S1,8,case12_S1_A[T>C]G,5996260,N:AA[T>C]GA,A[T>C]G,-1
8_8263183,case12_S1,8,case12_S1_C[C>T]A,8263183,N:AC[C>T]AC,C[C>T]A,1
8_8909530,case12_S1,8,case12_S1_A[T>A]T,8909530,N:AA[T>A]TT,A[T>A]T,-1
8_9246796,case12_S1,8,case12_S1_T[C>T]G,9246796,N:GT[C>T]GC,T[C>T]G,1
8_16426240,case12_S1,8,case12_S1_G[C>T]A,16426240,T:AG[C>T]AC,G[C>T]A,1
8_21299351,case12_S1,8,case12_S1_A[C>T]T,21299351,N:CA[C>T]TT,A[C>T]T,1
8_22991247,case12_S1,8,case12_S1_T[C>T]G,22991247,B:CT[C>T]GT,T[C>T]G,1
8_29099686,case12_S1,8,case12_S1_G[T>C]A,29099686,U:AG[T>C]AG,G[T>C]A,-1
8_34095587,case12_S1,8,case12_S1_A[T>C]G,34095587,N:AA[T>C]GG,A[T>C]G,1
8_34366787,case12_S1,8,case12_S1_T[C>G]C,34366787,N:GT[C>G]CA,T[C>G]C,-1
8_41216499,case12_S1,8,case12_S1_A[T>C]G,41216499,N:CA[T>C]GA,A[T>C]G,1
8_42975486,case12_S1,8,case12_S1_C[C>T]T,42975486,T:CC[C>T]TT,C[C>T]T,-1
8_45986075,case12_S1,8,case12_S1_A[C>T]G,45986075,N:GA[C>T]GG,A[C>T]G,-1
8_52767684,case12_S1,8,case12_S1_T[T>C]A,52767684,N:TT[T>C]AT,T[T>C]A,1
8_55193071,case12_S1,8,case12_S1_A[C>T]G,55193071,T:TA[C>T]GG,A[C>T]G,-1
8_56451656,case12_S1,8,case12_S1_C[T>G]T,56451656,N:AC[T>G]TC,C[T>G]T,-1
8_56451673,case12_S1,8,case12_S1_G[C>T]T,56451673,N:AG[C>T]TA,G[C>T]T,-1
8_59515158,case12_S1,8,case12_S1_A[T>A]A,59515158,N:CA[T>A]AC,A[T>A]A,1
8_64466553,case12_S1,8,case12_S1_G[T>A]G,64466553,N:AG[T>A]GT,G[T>A]G,1
8_65486405,case12_S1,8,case12_S1_C[C>G]C,65486405,N:AC[C>G]CT,C[C>G]C,-1
8_65848048,case12_S1,8,case12_S1_A[T>A]T,65848048,N:TA[T>A]TT,A[T>A]T,-1
8_71569546,case12_S1,8,case12_S1_T[C>A]T,71569546,N:TT[C>A]TC,T[C>A]T,-1
8_73885158,case12_S1,8,case12_S1_A[C>T]T,73885158,N:AA[C>T]TA,A[C>T]T,-1
8_76840461,case12_S1,8,case12_S1_T[C>T]A,76840461,U:CT[C>T]AC,T[C>T]A,1
8_77287048,case12_S1,8,case12_S1_T[T>G]T,77287048,N:GT[T>G]TG,T[T>G]T,-1
8_85268829,case12_S1,8,case12_S1_C[T>C]A,85268829,T:TC[T>C]AA,C[T>C]A,-1
8_94341278,case12_S1,8,case12_S1_T[T>A]T,94341278,N:TT[T>A]TT,T[T>A]T,-1
8_103687886,case12_S1,8,case12_S1_C[C>T]G,103687886,U:AC[C>T]GC,C[C>T]G,1
8_107073887,case12_S1,8,case12_S1_G[T>C]A,107073887,N:GG[T>C]AT,G[T>C]A,-1
8_109695466,case12_S1,8,case12_S1_G[T>C]G,109695466,N:AG[T>C]GG,G[T>C]G,1
8_111311575,case12_S1,8,case12_S1_T[T>G]G,111311575,N:TT[T>G]GT,T[T>G]G,1
8_114799101,case12_S1,8,case12_S1_T[T>A]T,114799101,N:GT[T>A]TT,T[T>A]T,1
8_125239802,case12_S1,8,case12_S1_T[T>G]T,125239802,U:AT[T>G]TT,T[T>G]T,1
8_133900269,case12_S1,8,case12_S1_T[C>T]T,133900269,N:AT[C>T]TA,T[C>T]T,1
8_144480970,case12_S1,8,case12_S1_G[C>T]T,144480970,N:AG[C>T]TT,G[C>T]T,-1
9_1676790,case12_S1,9,case12_S1_C[C>A]G,1676790,N:TC[C>A]GG,C[C>A]G,1
9_5843192,case12_S1,9,case12_S1_C[C>T]A,5843192,N:GC[C>T]AG,C[C>T]A,-1
9_9269269,case12_S1,9,case12_S1_T[C>T]A,9269269,T:AT[C>T]AA,T[C>T]A,1
9_14714929,case12_S1,9,case12_S1_T[C>G]C,14714929,N:CT[C>G]CA,T[C>G]C,1
9_27379310,case12_S1,9,case12_S1_A[T>A]T,27379310,T:AA[T>A]TA,A[T>A]T,1
9_30784955,case12_S1,9,case12_S1_G[T>C]A,30784955,N:TG[T>C]AC,G[T>C]A,1
9_34012855,case12_S1,9,case12_S1_T[T>A]A,34012855,U:TT[T>A]AA,T[T>A]A,-1
9_38201240,case12_S1,9,case12_S1_G[C>T]T,38201240,N:AG[C>T]TT,G[C>T]T,1
9_42926760,case12_S1,9,case12_S1_C[C>A]A,42926760,N:AC[C>A]AG,C[C>A]A,1
9_66906952,case12_S1,9,case12_S1_A[C>T]T,66906952,T:TA[C>T]TG,A[C>T]T,-1
9_75353807,case12_S1,9,case12_S1_T[C>T]A,75353807,N:CT[C>T]AC,T[C>T]A,-1
9_79751701,case12_S1,9,case12_S1_G[C>T]G,79751701,N:TG[C>T]GT,G[C>T]G,1
9_81473154,case12_S1,9,case12_S1_T[C>T]G,81473154,N:AT[C>T]GT,T[C>T]G,-1
9_81786417,case12_S1,9,case12_S1_T[C>T]C,81786417,N:GT[C>T]CC,T[C>T]C,1
9_88808627,case12_S1,9,case12_S1_A[C>T]G,88808627,N:GA[C>T]GC,A[C>T]G,-1
9_96722761,case12_S1,9,case12_S1_C[C>T]A,96722761,N:CC[C>T]AG,C[C>T]A,-1
9_97931709,case12_S1,9,case12_S1_G[T>A]A,97931709,T:TG[T>A]AT,G[T>A]A,1
9_106404155,case12_S1,9,case12_S1_T[T>A]A,106404155,N:GT[T>A]AC,T[T>A]A,-1
9_111061124,case12_S1,9,case12_S1_A[C>T]G,111061124,N:CA[C>T]GG,A[C>T]G,1
9_115793171,case12_S1,9,case12_S1_G[C>A]C,115793171,N:GG[C>A]CT,G[C>A]C,-1
9_121629426,case12_S1,9,case12_S1_G[C>T]G,121629426,U:GG[C>T]GC,G[C>T]G,1
9_134878306,case12_S1,9,case12_S1_C[T>A]G,134878306,N:GC[T>A]GA,C[T>A]G,-1
9_134940562,case12_S1,9,case12_S1_G[C>T]G,134940562,N:TG[C>T]GG,G[C>T]G,-1
X_1193315,case12_S1,X,case12_S1_A[C>T]G,1193315,T:GA[C>T]GG,A[C>T]G,1
X_1283713,case12_S1,X,case12_S1_G[C>T]G,1283713,T:GG[C>T]GC,G[C>T]G,-1
X_1709591,case12_S1,X,case12_S1_C[C>T]G,1709591,N:TC[C>T]GA,C[C>T]G,-1
X_2770140,case12_S1,X,case12_S1_C[T>A]G,2770140,T:CC[T>A]GC,C[T>A]G,-1
X_29165179,case12_S1,X,case12_S1_G[C>T]G,29165179,U:GG[C>T]GT,G[C>T]G,1
X_29410476,case12_S1,X,case12_S1_A[T>A]T,29410476,U:AA[T>A]TC,A[T>A]T,1
X_30035997,case12_S1,X,case12_S1_G[C>T]G,30035997,N:CG[C>T]GC,G[C>T]G,1
X_44209906,case12_S1,X,case12_S1_A[T>G]G,44209906,T:TA[T>G]GA,A[T>G]G,1
X_44944104,case12_S1,X,case12_S1_G[C>T]G,44944104,U:AG[C>T]GC,G[C>T]G,1
X_49919170,case12_S1,X,case12_S1_C[C>T]A,49919170,N:CC[C>T]AC,C[C>T]A,-1
X_63291232,case12_S1,X,case12_S1_G[C>G]C,63291232,N:AG[C>G]CT,G[C>G]C,-1
X_69524758,case12_S1,X,case12_S1_G[T>A]G,69524758,T:AG[T>A]GT,G[T>A]G,-1
X_71822748,case12_S1,X,case12_S1_G[C>T]G,71822748,N:GG[C>T]GT,G[C>T]G,-1
X_80634654,case12_S1,X,case12_S1_T[T>A]A,80634654,N:TT[T>A]AA,T[T>A]A,-1
X_83479989,case12_S1,X,case12_S1_G[C>T]C,83479989,N:TG[C>T]CA,G[C>T]C,-1
X_91506813,case12_S1,X,case12_S1_G[T>G]T,91506813,N:AG[T>G]TT,G[T>G]T,-1
X_94091247,case12_S1,X,case12_S1_T[T>G]T,94091247,N:TT[T>G]TA,T[T>G]T,1
X_99008936,case12_S1,X,case12_S1_T[C>T]C,99008936,N:TT[C>T]CC,T[C>T]C,-1
X_108355176,case12_S1,X,case12_S1_C[C>A]G,108355176,U:CC[C>A]GA,C[C>A]G,-1
X_109196517,case12_S1,X,case12_S1_T[C>T]A,109196517,N:CT[C>T]AT,T[C>T]A,1
X_112981775,case12_S1,X,case12_S1_A[C>A]C,112981775,N:CA[C>A]CT,A[C>A]C,-1
X_115881076,case12_S1,X,case12_S1_A[C>G]C,115881076,N:GA[C>G]CC,A[C>G]C,-1
X_116445836,case12_S1,X,case12_S1_G[T>A]C,116445836,U:TG[T>A]CT,G[T>A]C,1
X_129303546,case12_S1,X,case12_S1_C[T>G]A,129303546,N:CC[T>G]AG,C[T>G]A,1
X_131009061,case12_S1,X,case12_S1_A[C>T]G,131009061,N:TA[C>T]GA,A[C>T]G,-1
X_134938602,case12_S1,X,case12_S1_A[C>T]G,134938602,N:CA[C>T]GC,A[C>T]G,-1
X_142810076,case12_S1,X,case12_S1_T[C>A]A,142810076,N:TT[C>A]AT,T[C>A]A,1
X_142967424,case12_S1,X,case12_S1_A[C>T]G,142967424,N:AA[C>T]GT,A[C>T]G,1
X_143524144,case12_S1,X,case12_S1_T[C>A]A,143524144,N:AT[C>A]AG,T[C>A]A,-1
X_145636122,case12_S1,X,case12_S1_A[C>T]G,145636122,N:GA[C>T]GG,A[C>T]G,1
X_145730847,case12_S1,X,case12_S1_A[C>T]G,145730847,N:AA[C>T]GG,A[C>T]G,-1
X_145917062,case12_S1,X,case12_S1_T[T>A]G,145917062,N:CT[T>A]GA,T[T>A]G,-1
X_146853729,case12_S1,X,case12_S1_T[C>A]T,146853729,N:GT[C>A]TA,T[C>A]T,1
X_147309724,case12_S1,X,case12_S1_C[C>A]A,147309724,N:AC[C>A]AC,C[C>A]A,1
X_149152777,case12_S1,X,case12_S1_A[T>A]T,149152777,N:AA[T>A]TC,A[T>A]T,-1
Y_4457717,case12_S1,Y,case12_S1_A[C>T]G,4457717,N:AA[C>T]GT,A[C>T]G,-1
Y_5953195,case12_S1,Y,case12_S1_T[C>G]T,5953195,N:AT[C>G]TT,T[C>G]T,-1
Y_8331233,case12_S1,Y,case12_S1_T[C>T]A,8331233,N:GT[C>T]AT,T[C>T]A,-1
Y_11212198,case12_S1,Y,case12_S1_G[T>C]A,11212198,N:AG[T>C]AG,G[T>C]A,1
Y_14540732,case12_S1,Y,case12_S1_C[C>T]C,14540732,T:GC[C>T]CC,C[C>T]C,-1
Y_17159894,case12_S1,Y,case12_S1_A[C>A]A,17159894,N:AA[C>A]AA,A[C>A]A,1
Y_22249724,case12_S1,Y,case12_S1_C[C>T]C,22249724,N:AC[C>T]CA,C[C>T]C,1
Y_26411303,case12_S1,Y,case12_S1_A[T>A]T,26411303,N:TA[T>A]TT,A[T>A]T,-1
